[{"date": "01062021", "value": 21}, {"date": "02062021", "value": 26}, {"date": "03062021", "value": 22}, {"date": "04062021", "value": 26}, {"date": "05062021", "value": 24}, {"date": "06062021", "value": 29}, {"date": "07062021", "value": 26}, {"date": "08062021", "value": 26}, {"date": "09062021", "value": 23}, {"date": "10062021", "value": 22}, {"date": "11062021", "value": 28}, {"date": "12062021", "value": 26}, {"date": "13062021", "value": 22}, {"date": "14062021", "value": 21}, {"date": "15062021", "value": 20}, {"date": "16062021", "value": 21}, {"date": "17062021", "value": 20}, {"date": "18062021", "value": 25}, {"date": "19062021", "value": 26}, {"date": "20062021", "value": 25}, {"date": "21062021", "value": 21}, {"date": "22062021", "value": 20}, {"date": "23062021", "value": 24}, {"date": "24062021", "value": 26}, {"date": "25062021", "value": 20}, {"date": "26062021", "value": 23}, {"date": "27062021", "value": 20}, {"date": "28062021", "value": 21}, {"date": "29062021", "value": 21}, {"date": "30062021", "value": 24}, {"date": "01072021", "value": 25}, {"date": "02072021", "value": 22}, {"date": "03072021", "value": 29}, {"date": "04072021", "value": 24}, {"date": "05072021", "value": 21}, {"date": "06072021", "value": 24}, {"date": "07072021", "value": 24}, {"date": "08072021", "value": 20}, {"date": "09072021", "value": 22}, {"date": "10072021", "value": 26}, {"date": "11072021", "value": 26}, {"date": "12072021", "value": 25}, {"date": "13072021", "value": 22}, {"date": "14072021", "value": 25}, {"date": "15072021", "value": 21}, {"date": "16072021", "value": 26}, {"date": "17072021", "value": 28}, {"date": "18072021", "value": 27}, {"date": "19072021", "value": 28}, {"date": "20072021", "value": 21}, {"date": "21072021", "value": 28}, {"date": "22072021", "value": 24}, {"date": "23072021", "value": 28}, {"date": "24072021", "value": 20}, {"date": "25072021", "value": 25}, {"date": "26072021", "value": 25}, {"date": "27072021", "value": 28}, {"date": "28072021", "value": 29}, {"date": "29072021", "value": 23}, {"date": "30072021", "value": 22}, {"date": "31072021", "value": 25}, {"date": "01082021", "value": 27}, {"date": "02082021", "value": 20}, {"date": "03082021", "value": 21}, {"date": "04082021", "value": 23}, {"date": "05082021", "value": 26}, {"date": "06082021", "value": 29}, {"date": "07082021", "value": 24}, {"date": "08082021", "value": 21}, {"date": "09082021", "value": 20}, {"date": "10082021", "value": 24}, {"date": "11082021", "value": 25}, {"date": "12082021", "value": 20}, {"date": "13082021", "value": 22}, {"date": "14082021", "value": 21}, {"date": "15082021", "value": 20}, {"date": "16082021", "value": 22}, {"date": "17082021", "value": 29}, {"date": "18082021", "value": 25}, {"date": "19082021", "value": 20}, {"date": "20082021", "value": 22}, {"date": "21082021", "value": 29}, {"date": "22082021", "value": 22}, {"date": "23082021", "value": 28}, {"date": "24082021", "value": 25}, {"date": "25082021", "value": 20}, {"date": "26082021", "value": 22}, {"date": "27082021", "value": 28}, {"date": "28082021", "value": 28}, {"date": "29082021", "value": 26}, {"date": "30082021", "value": 29}, {"date": "31082021", "value": 23}, {"date": "01092021", "value": 26}, {"date": "02092021", "value": 27}, {"date": "03092021", "value": 23}, {"date": "04092021", "value": 24}, {"date": "05092021", "value": 25}, {"date": "06092021", "value": 22}, {"date": "07092021", "value": 23}, {"date": "08092021", "value": 26}, {"date": "09092021", "value": 24}, {"date": "10092021", "value": 28}, {"date": "11092021", "value": 20}, {"date": "12092021", "value": 23}, {"date": "13092021", "value": 27}, {"date": "14092021", "value": 28}, {"date": "15092021", "value": 23}, {"date": "16092021", "value": 23}, {"date": "17092021", "value": 25}, {"date": "18092021", "value": 20}, {"date": "19092021", "value": 21}, {"date": "20092021", "value": 23}, {"date": "21092021", "value": 26}, {"date": "22092021", "value": 22}, {"date": "23092021", "value": 21}, {"date": "24092021", "value": 23}, {"date": "25092021", "value": 21}, {"date": "26092021", "value": 27}, {"date": "27092021", "value": 22}, {"date": "28092021", "value": 24}, {"date": "29092021", "value": 20}, {"date": "30092021", "value": 24}, {"date": "01102021", "value": 23}, {"date": "02102021", "value": 29}, {"date": "03102021", "value": 23}, {"date": "04102021", "value": 25}, {"date": "05102021", "value": 23}, {"date": "06102021", "value": 25}, {"date": "07102021", "value": 24}]
